INSERT INTO staff (staff_id, ssn, name, email, address, dob, job_title) 
VALUES 
('RCT00001', '123456789012', 'Ninh Đức Tuấn', 'tuan.minh@gmail.com', '201A Phan Van Khoe St., Ward 5, Dist. 6, HCMC', '1990-05-15', "Receptionist"),
('MNG00001', '234567890123', 'Đinh Tấn Trương', 'truong.dinh@gmail.com', '11A Pho Cho St., Tan Thanh Ward, Tan Phu Dist., HCMC ', '1985-08-20', "Facilities manager"),
('COA00001', '345678901234', 'Lâm Đình Thiên', 'thien.lam@gmail.com', '139 Uu Long St., Ward 11, Dist. 8, HCMC', '1988-12-10', "Coach"),
('CLN00001', '456789012345', 'Giang Kỳ Duyên', 'duyen.giang@gmail.com', '72 Pham Van Hai St., Ward 2, Tan Binh Dist., HCMC', '1995-04-25', "Cleaning staff"),
('RCT00002', '120498547688', 'Lê Thị Thanh Hà', 'ha.le@gmail.com', '9A Thoai Ngoc Hau St., Thanh Hoa Ward, Tan Phu Dist., HCMC', '1993-12-14', "Receptionist"),
('MNG00002', '760704001534', 'Lê Đình Nguyên', 'nguyen.le@gmail.com', 'F7 Nguyen Oanh St., Ward 17, Go Vap Dist., HCMC', '1976-08-01', "Facilities manager"),
('MNG00003', '215650759885', 'Nguyễn Thị Thúy Anh', 'anh.nguyen@gmail.com', '68 Nam Ky Khoi Nghia St., Nguyen Thai Binh Ward, Dist.1, HCMC', '1983-06-30', "Facilities manager"),
('MNG00004', '291095876813', 'Sầm Ngọc Hiển', 'hien.sam@gmail.com', '444 Nguyen Thi Minh Khai, Phuong 05, Dist.3, HCMC', '1972-05-09', "Facilities manager"),
('COA00002', '030080811957', 'Nguyễn Lê Hữu Khang', 'khang.nguyen@gmail.com', '402 Xo Viet Nghe Tinh St., Ward 25, Binh Thanh Dist., HCMC', '1977-06-18', "Coach"),
('COA00003', '323601077832', 'Nguyễn Ngọc Thanh Thùy', 'thuy.nguyen@gmail.com', '47 Dien Bien Phu St., DaKao Ward, Dist. 1, HCMC', '1989-03-30', "Coach"),
('CLN00002', '547215818368', 'Lê Hoàng Hữu Nghị', 'nghi.le@gmail.com', '62/17 Ly Chinh Thang St., Ward 8, Dist. 3, HCMC', '2004-05-13', "Cleaning staff"),
('CLN00003', '519918526358', 'Đỗ Quyên', 'quyen.do@gmail.com', '172 Khanh Hoi St., Ward 5, Dist.4, HCMC', '1964-01-27', "Cleaning staff"),
('CLN00004', '621823988552', 'Lê Duy Thức', 'thuc.le@gmail.com', 'Tan Tao Industrial Park St. 2, Lot 45, Tan Tao A Ward, Binh Tan Dist., HCMC', '1968-07-21', "Cleaning staff"),
('CLN00005', '482606696238', 'Nguyễn Văn Thoại', 'thoai.nguyen@gmail.com', '80/39 St. 4, Tam Phu Ward, Thu Duc Dist., HCMC', '1989-05-30', "Cleaning staff"),
('RCT00003', '627360154193', 'Trần Nhật Anh', 'anh.tran@gmail.com', '41 Tran Khac Chan St., Ward 15, Phu Nhuan Dist., HCMC', '2007-03-07', "Receptionist"),
('RCT00004', '334048960375', 'Nguyễn Thị Tú Trinh', 'trinh.nguyen@gmail.com', '633 Hoang Van Thu St., Ward 4, Tan Binh Dist., HCMC', '1996-04-23', "Receptionist"),
('RCT00005', '351590685754', 'Lê Phước Đức', 'duc.le@gmail.com', 'Nguyen Cu Trinh Street, Nguyen Cu Trinh Ward, Dist. 1, HCMC', '1998-06-23', "Receptionist");

INSERT INTO staff_phone (phone, staff_id)
VALUES 
('0578193243', 'RCT00001'),
('0932701326', 'MNG00001'),
('0453035360', 'COA00001'),
('0889021719', 'CLN00001'),
('0932701326', 'MNG00002'),
('0932701326', 'MNG00003'),
('0578193243', 'RCT00002'),
('0578193243', 'RCT00003'),
('0578193243', 'RCT00004'),
('0578193243', 'RCT00005'),
('0453035360', 'COA00002'),
('0453035360', 'COA00003'),
('0889021719', 'CLN00002'),
('0889021719', 'CLN00003'),
('0889021719', 'CLN00004'),
('0889021719', 'CLN00005');

INSERT INTO facilities_manager (manager_id, years_of_exp, certification, salary_month, budget)
VALUES 
('MNG00001', 7, 'Facility Management Certification (FMC)', 8000000 , 3000000),
('MNG00002', 18, 'Facility Management Professional (FMP)', 15000000 , 3000000),
('MNG00003', 10, 'Certified Facility Manager (CFM)', 10000000 , 3000000),
('MNG00004', 22, 'Facility Management Professional (FMP)', 15000000 , 3000000);

INSERT INTO receptionist (receptionist_id, wage)
VALUES 
('RCT00001', 30000.00),
('RCT00002', 30000.00),
('RCT00003', 25000.00),
('RCT00004', 25000.00),
('RCT00005', 25000.00);

INSERT INTO cleaning_staff (cleaner_id, wage)
VALUES 
('CLN00001', 12500.00),
('CLN00002', 12500.00),
('CLN00003', 12500.00),
('CLN00004', 12500.00),
('CLN00005', 12500.00);

INSERT INTO coach (coach_id, specialization, certification, physical_assessment, salary_month)
VALUES 
('COA00001', 'Singles', 'BWF Coach Level 2', 'Healthy', 5000000.00),
('COA00002', 'Singles', 'National Coaching Certification Program (NCCP)', 'Healthy', 3500000.00),
('COA00003', 'Doubles', 'BWF Coach Level 1', 'Minor shoulder pain', 4000000.00);

INSERT INTO shift (shift_date, start_time, end_time, receptionist_id)
VALUES 
('2024-04-01', '7:00:00', '12:00:00', 'RCT00001'),
('2024-04-01', '12:00:00', '17:00:00', 'RCT00003'),
('2024-04-01', '17:00:00', '22:00:00', 'RCT00005'),
('2024-04-02', '7:00:00', '12:00:00', 'RCT00002'),
('2024-04-02', '12:00:00', '17:00:00', 'RCT00004'),
('2024-04-02', '17:00:00', '22:00:00', 'RCT00001'),
('2024-04-03', '7:00:00', '12:00:00', 'RCT00001'),
('2024-04-03', '12:00:00', '17:00:00', 'RCT00003'),
('2024-04-03', '17:00:00', '22:00:00', 'RCT00005'),
('2024-04-04', '7:00:00', '12:00:00', 'RCT00002'),
('2024-04-04', '12:00:00', '17:00:00', 'RCT00004'),
('2024-04-04', '17:00:00', '22:00:00', 'RCT00002'),
('2024-04-05', '7:00:00', '12:00:00', 'RCT00001'),
('2024-04-05', '12:00:00', '17:00:00', 'RCT00003'),
('2024-04-05', '17:00:00', '22:00:00', 'RCT00005'),
('2024-04-06', '7:00:00', '12:00:00', 'RCT00002'),
('2024-04-06', '12:00:00', '17:00:00', 'RCT00004'),
('2024-04-06', '17:00:00', '22:00:00', 'RCT00003'),
('2024-04-07', '7:00:00', '12:00:00', 'RCT00001'),
('2024-04-07', '12:00:00', '17:00:00', 'RCT00003'),
('2024-04-07', '17:00:00', '22:00:00', 'RCT00005'),
('2024-04-08', '7:00:00', '12:00:00', 'RCT00002'),
('2024-04-08', '12:00:00', '17:00:00', 'RCT00004'),
('2024-04-08', '17:00:00', '22:00:00', 'RCT00004'),
('2024-04-09', '7:00:00', '12:00:00', 'RCT00001'),
('2024-04-09', '12:00:00', '17:00:00', 'RCT00003'),
('2024-04-09', '17:00:00', '22:00:00', 'RCT00005'),
('2024-04-10', '7:00:00', '12:00:00', 'RCT00002'),
('2024-04-10', '12:00:00', '17:00:00', 'RCT00004'),
('2024-04-10', '17:00:00', '22:00:00', 'RCT00001'),
('2024-04-11', '7:00:00', '12:00:00', 'RCT00001'),
('2024-04-11', '12:00:00', '17:00:00', 'RCT00003'),
('2024-04-11', '17:00:00', '22:00:00', 'RCT00005'),
('2024-04-12', '7:00:00', '12:00:00', 'RCT00002'),
('2024-04-12', '12:00:00', '17:00:00', 'RCT00004'),
('2024-04-12', '17:00:00', '22:00:00', 'RCT00002'),
('2024-04-13', '7:00:00', '12:00:00', 'RCT00001'),
('2024-04-13', '12:00:00', '17:00:00', 'RCT00003'),
('2024-04-13', '17:00:00', '22:00:00', 'RCT00005'),
('2024-04-14', '7:00:00', '12:00:00', 'RCT00002'),
('2024-04-14', '12:00:00', '17:00:00', 'RCT00004'),
('2024-04-14', '17:00:00', '22:00:00', 'RCT00003'),
('2024-04-15', '7:00:00', '12:00:00', 'RCT00001'),
('2024-04-15', '12:00:00', '17:00:00', 'RCT00003'),
('2024-04-15', '17:00:00', '22:00:00', 'RCT00005'),
('2024-04-16', '7:00:00', '12:00:00', 'RCT00002'),
('2024-04-16', '12:00:00', '17:00:00', 'RCT00004'),
('2024-04-16', '17:00:00', '22:00:00', 'RCT00004'),
('2024-04-17', '7:00:00', '12:00:00', 'RCT00001'),
('2024-04-17', '12:00:00', '17:00:00', 'RCT00003'),
('2024-04-17', '17:00:00', '22:00:00', 'RCT00005'),
('2024-04-18', '7:00:00', '12:00:00', 'RCT00002'),
('2024-04-18', '12:00:00', '17:00:00', 'RCT00004'),
('2024-04-18', '17:00:00', '22:00:00', 'RCT00001'),
('2024-04-19', '7:00:00', '12:00:00', 'RCT00001'),
('2024-04-19', '12:00:00', '17:00:00', 'RCT00003'),
('2024-04-19', '17:00:00', '22:00:00', 'RCT00005'),
('2024-04-20', '7:00:00', '12:00:00', 'RCT00002'),
('2024-04-20', '12:00:00', '17:00:00', 'RCT00004'),
('2024-04-20', '17:00:00', '22:00:00', 'RCT00002'),
('2024-04-21', '7:00:00', '12:00:00', 'RCT00001'),
('2024-04-21', '12:00:00', '17:00:00', 'RCT00003'),
('2024-04-21', '17:00:00', '22:00:00', 'RCT00005'),
('2024-04-22', '7:00:00', '12:00:00', 'RCT00002'),
('2024-04-22', '12:00:00', '17:00:00', 'RCT00004'),
('2024-04-22', '17:00:00', '22:00:00', 'RCT00003'),
('2024-04-23', '7:00:00', '12:00:00', 'RCT00001'),
('2024-04-23', '12:00:00', '17:00:00', 'RCT00003'),
('2024-04-23', '17:00:00', '22:00:00', 'RCT00005'),
('2024-04-24', '7:00:00', '12:00:00', 'RCT00002'),
('2024-04-24', '12:00:00', '17:00:00', 'RCT00004'),
('2024-04-24', '17:00:00', '22:00:00', 'RCT00004'),
('2024-04-25', '7:00:00', '12:00:00', 'RCT00001'),
('2024-04-25', '12:00:00', '17:00:00', 'RCT00003'),
('2024-04-25', '17:00:00', '22:00:00', 'RCT00005'),
('2024-04-26', '7:00:00', '12:00:00', 'RCT00002'),
('2024-04-26', '12:00:00', '17:00:00', 'RCT00004'),
('2024-04-26', '17:00:00', '22:00:00', 'RCT00001'),
('2024-05-02', '7:00:00', '12:00:00', 'RCT00001'),
('2024-05-02', '12:00:00', '17:00:00', 'RCT00003'),
('2024-05-02', '17:00:00', '22:00:00', 'RCT00005'),
('2024-05-03', '7:00:00', '12:00:00', 'RCT00002'),
('2024-05-03', '12:00:00', '17:00:00', 'RCT00004'),
('2024-05-03', '17:00:00', '22:00:00', 'RCT00002'),
('2024-05-04', '7:00:00', '12:00:00', 'RCT00001'),
('2024-05-04', '12:00:00', '17:00:00', 'RCT00003'),
('2024-05-04', '17:00:00', '22:00:00', 'RCT00005'),
('2024-05-05', '7:00:00', '12:00:00', 'RCT00002'),
('2024-05-05', '12:00:00', '17:00:00', 'RCT00004'),
('2024-05-05', '17:00:00', '22:00:00', 'RCT00003'),
('2024-05-06', '7:00:00', '12:00:00', 'RCT00001'),
('2024-05-06', '12:00:00', '17:00:00', 'RCT00003'),
('2024-05-06', '17:00:00', '22:00:00', 'RCT00005'),
('2024-05-07', '7:00:00', '12:00:00', 'RCT00002'),
('2024-05-07', '12:00:00', '17:00:00', 'RCT00004'),
('2024-05-07', '17:00:00', '22:00:00', 'RCT00004'),
('2024-05-08', '7:00:00', '12:00:00', 'RCT00001'),
('2024-05-08', '12:00:00', '17:00:00', 'RCT00003'),
('2024-05-08', '17:00:00', '22:00:00', 'RCT00005'),
('2024-05-09', '7:00:00', '12:00:00', 'RCT00002'),
('2024-05-09', '12:00:00', '17:00:00', 'RCT00004'),
('2024-05-09', '17:00:00', '22:00:00', 'RCT00001'),
('2024-05-10', '7:00:00', '12:00:00', 'RCT00001'),
('2024-05-10', '12:00:00', '17:00:00', 'RCT00003'),
('2024-05-10', '17:00:00', '22:00:00', 'RCT00005'),
('2024-05-11', '7:00:00', '12:00:00', 'RCT00002'),
('2024-05-11', '12:00:00', '17:00:00', 'RCT00004'),
('2024-05-11', '17:00:00', '22:00:00', 'RCT00002'),
('2024-05-12', '7:00:00', '12:00:00', 'RCT00001'),
('2024-05-12', '12:00:00', '17:00:00', 'RCT00003'),
('2024-05-12', '17:00:00', '22:00:00', 'RCT00005'),
('2024-05-13', '7:00:00', '12:00:00', 'RCT00002'),
('2024-05-13', '12:00:00', '17:00:00', 'RCT00004'),
('2024-05-13', '17:00:00', '22:00:00', 'RCT00003'),
('2024-05-14', '7:00:00', '12:00:00', 'RCT00001'),
('2024-05-14', '12:00:00', '17:00:00', 'RCT00003'),
('2024-05-14', '17:00:00', '22:00:00', 'RCT00005'),
('2024-05-15', '7:00:00', '12:00:00', 'RCT00002'),
('2024-05-15', '12:00:00', '17:00:00', 'RCT00004'),
('2024-05-15', '17:00:00', '22:00:00', 'RCT00004'),
('2024-05-16', '7:00:00', '12:00:00', 'RCT00001'),
('2024-05-16', '12:00:00', '17:00:00', 'RCT00003'),
('2024-05-16', '17:00:00', '22:00:00', 'RCT00005'),
('2024-05-17', '7:00:00', '12:00:00', 'RCT00002'),
('2024-05-17', '12:00:00', '17:00:00', 'RCT00004'),
('2024-05-17', '17:00:00', '22:00:00', 'RCT00001'),
('2024-05-18', '7:00:00', '12:00:00', 'RCT00001'),
('2024-05-18', '12:00:00', '17:00:00', 'RCT00003'),
('2024-05-18', '17:00:00', '22:00:00', 'RCT00005'),
('2024-05-19', '7:00:00', '12:00:00', 'RCT00002'),
('2024-05-19', '12:00:00', '17:00:00', 'RCT00004'),
('2024-05-19', '17:00:00', '22:00:00', 'RCT00002'),
('2024-05-20', '7:00:00', '12:00:00', 'RCT00001'),
('2024-05-20', '12:00:00', '17:00:00', 'RCT00003'),
('2024-05-20', '17:00:00', '22:00:00', 'RCT00005'),
('2024-05-21', '7:00:00', '12:00:00', 'RCT00002'),
('2024-05-21', '12:00:00', '17:00:00', 'RCT00004'),
('2024-05-21', '17:00:00', '22:00:00', 'RCT00003'),
('2024-05-22', '7:00:00', '12:00:00', 'RCT00001'),
('2024-05-22', '12:00:00', '17:00:00', 'RCT00003'),
('2024-05-22', '17:00:00', '22:00:00', 'RCT00005'),
('2024-05-23', '7:00:00', '12:00:00', 'RCT00002'),
('2024-05-23', '12:00:00', '17:00:00', 'RCT00004'),
('2024-05-23', '17:00:00', '22:00:00', 'RCT00004'),
('2024-05-24', '7:00:00', '12:00:00', 'RCT00001'),
('2024-05-24', '12:00:00', '17:00:00', 'RCT00003'),
('2024-05-24', '17:00:00', '22:00:00', 'RCT00005'),
('2024-05-25', '7:00:00', '12:00:00', 'RCT00002'),
('2024-05-25', '12:00:00', '17:00:00', 'RCT00004'),
('2024-05-25', '17:00:00', '22:00:00', 'RCT00001'),
('2024-05-26', '7:00:00', '12:00:00', 'RCT00001'),
('2024-05-26', '12:00:00', '17:00:00', 'RCT00003'),
('2024-05-26', '17:00:00', '22:00:00', 'RCT00005'),
('2024-05-27', '7:00:00', '12:00:00', 'RCT00002'),
('2024-05-27', '12:00:00', '17:00:00', 'RCT00004'),
('2024-05-27', '17:00:00', '22:00:00', 'RCT00002'),
('2024-05-28', '7:00:00', '12:00:00', 'RCT00001'),
('2024-05-28', '12:00:00', '17:00:00', 'RCT00003'),
('2024-05-28', '17:00:00', '22:00:00', 'RCT00005'),
('2024-05-29', '7:00:00', '12:00:00', 'RCT00002'),
('2024-05-29', '12:00:00', '17:00:00', 'RCT00004'),
('2024-05-29', '17:00:00', '22:00:00', 'RCT00003'),
('2024-05-30', '7:00:00', '12:00:00', 'RCT00001'),
('2024-05-30', '12:00:00', '17:00:00', 'RCT00003'),
('2024-05-30', '17:00:00', '22:00:00', 'RCT00005'),
('2024-05-31', '7:00:00', '12:00:00', 'RCT00002'),
('2024-05-31', '12:00:00', '17:00:00', 'RCT00004'),
('2024-05-31', '17:00:00', '22:00:00', 'RCT00004');

INSERT INTO cleaner_works_on (shift_date, start_time, end_time, cleaner_id, area)
VALUES 
('2024-04-01', '7:00:00', '12:00:00', 'CLN00001', 10),
('2024-04-01', '12:00:00', '17:00:00', 'CLN00002', 10),
('2024-04-01', '17:00:00', '22:00:00', 'CLN00003', 20),
('2024-04-02', '7:00:00', '12:00:00', 'CLN00004',10),
('2024-04-02', '12:00:00', '17:00:00', 'CLN00005',10),
('2024-04-02', '17:00:00', '22:00:00', 'CLN00001',20),
('2024-04-03', '7:00:00', '12:00:00', 'CLN00002',10),
('2024-04-03', '12:00:00', '17:00:00', 'CLN00003',10),
('2024-04-03', '17:00:00', '22:00:00', 'CLN00004',20),
('2024-04-04', '7:00:00', '12:00:00', 'CLN00005',10),
('2024-04-04', '12:00:00', '17:00:00', 'CLN00001',10),
('2024-04-04', '17:00:00', '22:00:00', 'CLN00002',20),
('2024-04-05', '7:00:00', '12:00:00', 'CLN00003',10),
('2024-04-05', '12:00:00', '17:00:00', 'CLN00004',10),
('2024-04-05', '17:00:00', '22:00:00', 'CLN00005',20),
('2024-04-06', '7:00:00', '12:00:00', 'CLN00001',10),
('2024-04-06', '12:00:00', '17:00:00', 'CLN00002',10),
('2024-04-06', '17:00:00', '22:00:00', 'CLN00003',20),
('2024-04-07', '7:00:00', '12:00:00', 'CLN00004',10),
('2024-04-07', '12:00:00', '17:00:00', 'CLN00005',10),
('2024-04-07', '17:00:00', '22:00:00', 'CLN00001',20),
('2024-04-08', '7:00:00', '12:00:00', 'CLN00002',10),
('2024-04-08', '12:00:00', '17:00:00', 'CLN00003',10),
('2024-04-08', '17:00:00', '22:00:00', 'CLN00004',20),
('2024-04-09', '7:00:00', '12:00:00', 'CLN00005',10),
('2024-04-09', '12:00:00', '17:00:00', 'CLN00001',10),
('2024-04-09', '17:00:00', '22:00:00', 'CLN00002',20),
('2024-04-10', '7:00:00', '12:00:00', 'CLN00003',10),
('2024-04-10', '12:00:00', '17:00:00', 'CLN00004',10),
('2024-04-10', '17:00:00', '22:00:00', 'CLN00005',20),
('2024-04-11', '7:00:00', '12:00:00', 'CLN00001',10),
('2024-04-11', '12:00:00', '17:00:00', 'CLN00002',10),
('2024-04-11', '17:00:00', '22:00:00', 'CLN00003',20),
('2024-04-12', '7:00:00', '12:00:00', 'CLN00004',10),
('2024-04-12', '12:00:00', '17:00:00', 'CLN00005',10),
('2024-04-12', '17:00:00', '22:00:00', 'CLN00001',20),
('2024-04-13', '7:00:00', '12:00:00', 'CLN00002',10),
('2024-04-13', '12:00:00', '17:00:00', 'CLN00003',10),
('2024-04-13', '17:00:00', '22:00:00', 'CLN00004',20),
('2024-04-14', '7:00:00', '12:00:00', 'CLN00005',10),
('2024-04-14', '12:00:00', '17:00:00', 'CLN00001',10),
('2024-04-14', '17:00:00', '22:00:00', 'CLN00002',20),
('2024-04-15', '7:00:00', '12:00:00', 'CLN00003',10),
('2024-04-15', '12:00:00', '17:00:00', 'CLN00004',10),
('2024-04-15', '17:00:00', '22:00:00', 'CLN00005',20),
('2024-04-16', '7:00:00', '12:00:00', 'CLN00001',10),
('2024-04-16', '12:00:00', '17:00:00', 'CLN00002',10),
('2024-04-16', '17:00:00', '22:00:00', 'CLN00003',20),
('2024-04-17', '7:00:00', '12:00:00', 'CLN00004',10),
('2024-04-17', '12:00:00', '17:00:00', 'CLN00005',10),
('2024-04-17', '17:00:00', '22:00:00', 'CLN00001',20),
('2024-04-18', '7:00:00', '12:00:00', 'CLN00002',10),
('2024-04-18', '12:00:00', '17:00:00', 'CLN00003',10),
('2024-04-18', '17:00:00', '22:00:00', 'CLN00004',20),
('2024-04-19', '7:00:00', '12:00:00', 'CLN00005',10),
('2024-04-19', '12:00:00', '17:00:00', 'CLN00001',10),
('2024-04-19', '17:00:00', '22:00:00', 'CLN00002',20),
('2024-04-20', '7:00:00', '12:00:00', 'CLN00003',10),
('2024-04-20', '12:00:00', '17:00:00', 'CLN00004',10),
('2024-04-20', '17:00:00', '22:00:00', 'CLN00005',20),
('2024-04-21', '7:00:00', '12:00:00', 'CLN00001',10),
('2024-04-21', '12:00:00', '17:00:00', 'CLN00002',10),
('2024-04-21', '17:00:00', '22:00:00', 'CLN00003',20),
('2024-04-22', '7:00:00', '12:00:00', 'CLN00004',10),
('2024-04-22', '12:00:00', '17:00:00', 'CLN00005',10),
('2024-04-22', '17:00:00', '22:00:00', 'CLN00001',20),
('2024-04-23', '7:00:00', '12:00:00', 'CLN00002',10),
('2024-04-23', '12:00:00', '17:00:00', 'CLN00003',10),
('2024-04-23', '17:00:00', '22:00:00', 'CLN00004',20),
('2024-04-24', '7:00:00', '12:00:00', 'CLN00005',10),
('2024-04-24', '12:00:00', '17:00:00', 'CLN00001',10),
('2024-04-24', '17:00:00', '22:00:00', 'CLN00002',20),
('2024-04-25', '7:00:00', '12:00:00', 'CLN00003',10),
('2024-04-25', '12:00:00', '17:00:00', 'CLN00004',10),
('2024-04-25', '17:00:00', '22:00:00', 'CLN00005',20),
('2024-04-26', '7:00:00', '12:00:00', 'CLN00001',10),
('2024-04-26', '12:00:00', '17:00:00', 'CLN00002',10),
('2024-04-26', '17:00:00', '22:00:00', 'CLN00003',20),
('2024-05-02', '7:00:00', '12:00:00', 'CLN00004',10),
('2024-05-02', '12:00:00', '17:00:00', 'CLN00005',10),
('2024-05-02', '17:00:00', '22:00:00', 'CLN00001',20),
('2024-05-03', '7:00:00', '12:00:00', 'CLN00002',10),
('2024-05-03', '12:00:00', '17:00:00', 'CLN00003',10),
('2024-05-03', '17:00:00', '22:00:00', 'CLN00004',20),
('2024-05-04', '7:00:00', '12:00:00', 'CLN00005',10),
('2024-05-04', '12:00:00', '17:00:00', 'CLN00001',10),
('2024-05-04', '17:00:00', '22:00:00', 'CLN00002',20),
('2024-05-05', '7:00:00', '12:00:00', 'CLN00003',10),
('2024-05-05', '12:00:00', '17:00:00', 'CLN00004',10),
('2024-05-05', '17:00:00', '22:00:00', 'CLN00005',20),
('2024-05-06', '7:00:00', '12:00:00', 'CLN00001',10),
('2024-05-06', '12:00:00', '17:00:00', 'CLN00002',10),
('2024-05-06', '17:00:00', '22:00:00', 'CLN00003',20),
('2024-05-07', '7:00:00', '12:00:00', 'CLN00004',10),
('2024-05-07', '12:00:00', '17:00:00', 'CLN00005',10),
('2024-05-07', '17:00:00', '22:00:00', 'CLN00001',20),
('2024-05-08', '7:00:00', '12:00:00', 'CLN00002',10),
('2024-05-08', '12:00:00', '17:00:00', 'CLN00003',10),
('2024-05-08', '17:00:00', '22:00:00', 'CLN00004',20),
('2024-05-09', '7:00:00', '12:00:00', 'CLN00005',10),
('2024-05-09', '12:00:00', '17:00:00', 'CLN00001',10),
('2024-05-09', '17:00:00', '22:00:00', 'CLN00002',20),
('2024-05-10', '7:00:00', '12:00:00', 'CLN00003',10),
('2024-05-10', '12:00:00', '17:00:00', 'CLN00004',10),
('2024-05-10', '17:00:00', '22:00:00', 'CLN00005',20),
('2024-05-11', '7:00:00', '12:00:00', 'CLN00001',10),
('2024-05-11', '12:00:00', '17:00:00', 'CLN00002',10),
('2024-05-11', '17:00:00', '22:00:00', 'CLN00003',20),
('2024-05-12', '7:00:00', '12:00:00', 'CLN00004',10),
('2024-05-12', '12:00:00', '17:00:00', 'CLN00005',10),
('2024-05-12', '17:00:00', '22:00:00', 'CLN00001',20),
('2024-05-13', '7:00:00', '12:00:00', 'CLN00002',10),
('2024-05-13', '12:00:00', '17:00:00', 'CLN00003',10),
('2024-05-13', '17:00:00', '22:00:00', 'CLN00004',20),
('2024-05-14', '7:00:00', '12:00:00', 'CLN00005',10),
('2024-05-14', '12:00:00', '17:00:00', 'CLN00001',10),
('2024-05-14', '17:00:00', '22:00:00', 'CLN00002',20),
('2024-05-15', '7:00:00', '12:00:00', 'CLN00003',10),
('2024-05-15', '12:00:00', '17:00:00', 'CLN00004',10),
('2024-05-15', '17:00:00', '22:00:00', 'CLN00005',20),
('2024-05-16', '7:00:00', '12:00:00', 'CLN00001',10),
('2024-05-16', '12:00:00', '17:00:00', 'CLN00002',10),
('2024-05-16', '17:00:00', '22:00:00', 'CLN00003',20),
('2024-05-17', '7:00:00', '12:00:00', 'CLN00004',10),
('2024-05-17', '12:00:00', '17:00:00', 'CLN00005',10),
('2024-05-17', '17:00:00', '22:00:00', 'CLN00001',20),
('2024-05-18', '7:00:00', '12:00:00', 'CLN00002',10),
('2024-05-18', '12:00:00', '17:00:00', 'CLN00003',10),
('2024-05-18', '17:00:00', '22:00:00', 'CLN00004',20),
('2024-05-19', '7:00:00', '12:00:00', 'CLN00005',10),
('2024-05-19', '12:00:00', '17:00:00', 'CLN00001',10),
('2024-05-19', '17:00:00', '22:00:00', 'CLN00002',20),
('2024-05-20', '7:00:00', '12:00:00', 'CLN00003',10),
('2024-05-20', '12:00:00', '17:00:00', 'CLN00004',10),
('2024-05-20', '17:00:00', '22:00:00', 'CLN00005',20),
('2024-05-21', '7:00:00', '12:00:00', 'CLN00001',10),
('2024-05-21', '12:00:00', '17:00:00', 'CLN00002',10),
('2024-05-21', '17:00:00', '22:00:00', 'CLN00003',20),
('2024-05-22', '7:00:00', '12:00:00', 'CLN00004',10),
('2024-05-22', '12:00:00', '17:00:00', 'CLN00005',10),
('2024-05-22', '17:00:00', '22:00:00', 'CLN00001',20),
('2024-05-23', '7:00:00', '12:00:00', 'CLN00002',10),
('2024-05-23', '12:00:00', '17:00:00', 'CLN00003',10),
('2024-05-23', '17:00:00', '22:00:00', 'CLN00004',20),
('2024-05-24', '7:00:00', '12:00:00', 'CLN00005',10),
('2024-05-24', '12:00:00', '17:00:00', 'CLN00001',10),
('2024-05-24', '17:00:00', '22:00:00', 'CLN00002',20),
('2024-05-25', '7:00:00', '12:00:00', 'CLN00003',10),
('2024-05-25', '12:00:00', '17:00:00', 'CLN00004',10),
('2024-05-25', '17:00:00', '22:00:00', 'CLN00005',20),
('2024-05-26', '7:00:00', '12:00:00', 'CLN00001',10),
('2024-05-26', '12:00:00', '17:00:00', 'CLN00002',10),
('2024-05-26', '17:00:00', '22:00:00', 'CLN00003',20),
('2024-05-27', '7:00:00', '12:00:00', 'CLN00004',10),
('2024-05-27', '12:00:00', '17:00:00', 'CLN00005',10),
('2024-05-27', '17:00:00', '22:00:00', 'CLN00001',20),
('2024-05-28', '7:00:00', '12:00:00', 'CLN00002',10),
('2024-05-28', '12:00:00', '17:00:00', 'CLN00003',10),
('2024-05-28', '17:00:00', '22:00:00', 'CLN00004',20),
('2024-05-29', '7:00:00', '12:00:00', 'CLN00005',10),
('2024-05-29', '12:00:00', '17:00:00', 'CLN00001',10),
('2024-05-29', '17:00:00', '22:00:00', 'CLN00002',20),
('2024-05-30', '7:00:00', '12:00:00', 'CLN00003',10),
('2024-05-30', '12:00:00', '17:00:00', 'CLN00004',10),
('2024-05-30', '17:00:00', '22:00:00', 'CLN00005',20),
('2024-05-31', '7:00:00', '12:00:00', 'CLN00001',10),
('2024-05-31', '12:00:00', '17:00:00', 'CLN00002',10),
('2024-05-31', '17:00:00', '22:00:00', 'CLN00003',20);

INSERT INTO manager_receipt (manager_id, receipt_date)
VALUES 
('MNG00001', '2024-04-09'),
('MNG00001', '2024-04-08'),
('MNG00003', '2024-04-20'),
('MNG00004', '2024-04-23'),
('MNG00002', '2024-04-21'),
('MNG00003', '2024-04-16'),
('MNG00004', '2024-04-12');

INSERT INTO distributor (distributor_name)
VALUES 
('Li-Ning'),
('Yonex'),
('Proace'),
('Suntory pepsico'),
('La Vie'),
('Nestle');

INSERT INTO distributor_contact (distributor_name, distributor_phone, distributor_address)
VALUES 
('Li-Ning', '0338941512', '11 Su Van Hanh St., Ward 12, Dist. 10, HCMC'),
('Li-Ning', '0363880715', '30 Bo Bao Tan Thang, Son Ky Ward, Tan Phu Dist., HCMC'),
('Yonex', '0888554268', '364 Lac Long Quan, Ward 5, Dist. 11, HCMC'),
('Yonex', '0931823614', '20 Cao Ba Nha St., Nguyen Cu Trinh Ward, Dist. 1, HCMC'),
('Proace', '0935707195', '666/64/25 3/2 St., Ward 14, Dist. 10, HCMC'),
('Suntory pepsico', '02838219437', '88 Dong Khoi Str., Ben Nghe Ward, Dist. 1, HCMC'),
('La Vie', '02839451081', 'National Route 1A, Khanh Hau Ward, Tan An city, Long An province'),
('Nestle', '02839113737', '142 Hai Ba Trung Str., Ben Nghe Ward, Dist. 1, HCMC');

INSERT INTO product (product_name, product_price, product_type, in_stock)
VALUES 
('Grips', 10000.00, 'Accessory', 200),
('Overgrips', 10000.00, 'Accessory', 200),
('Wristbands', 50000.00, 'Accessory', 50),
('Headbands', 50000.00, 'Accessory', 50),
('Revive', 20000.00, 'Food & Drink', 60),
('Mineral water', 10000.00, 'Food & Drink', 100),
('Iced tea (small)', 10000.00, 'Food & Drink', 60),
('Iced tea (big)', 20000.00, 'Food & Drink', 60),
('Electrolyte water', 20000.00, 'Food & Drink', 100),
('Energy bar', 25000.00, 'Food & Drink', 50),
('Protein bar', 25000.00, 'Food & Drink', 50);

INSERT INTO manager_order (product_name, distributor_name, product_quantity, cost)
VALUES 
('Grips', 'Li-Ning', 50, 2000.00),
('Grips', 'Proace', 50, 2200.00),
('Overgrips', 'Yonex', 60, 2500.00),
('Mineral water', 'La Vie', 100, 3000.00),
('Iced tea (small)', 'Suntory pepsico', 40, 2500.00),
('Revive', 'Suntory pepsico', 40, 9000.00),
('Protein bar', 'Nestle', 25, 10000.00);

INSERT INTO customer (phone, name)
VALUES 
('0979406038', 'Lê Chí Thắng'),
('0783683996', 'Đỗ Thị Thảo Quỳnh'),
('0377569248', 'Mẫn Minh Anh'),
('0774081275', 'Thành Minh Thạc'),
('0896098351', 'Khiếu Quốc Trường'),
('0321832679', 'Hoàng Giang Sơn'),
('0328306721', 'Đàm Việt Hương'),
('0387968253', 'Bàn Hạo Nhiên'),
('0977931502', 'Liễu Bích San'),
('0851036489', 'Bì Gia Quỳnh');

INSERT INTO cus_receipt (manager_id, customer_phone, method)
VALUES 
('MNG00003', '0979406038', 'Online'),
('MNG00004', '0783683996', 'At the counter'),
('MNG00003', '0377569248', 'At the counter'),
('MNG00002', '0328306721', 'At the counter'),
('MNG00001', '0896098351', 'At the counter'),
('MNG00002', '0977931502', 'At the counter'),
('MNG00001', '0774081275', 'Online')
;

INSERT INTO cus_order (product_name, quantity)
VALUES 
('Overgrips', 3),
('Iced tea (small)', 2),
('Revive', 1),
('Protein bar', 5),
('Mineral water', 3),
('Iced tea (big)', 2),
('Grips', 5);

INSERT INTO court (court_id, court_type, court_price, running_cost)
VALUES 
(1, 'Synthetic court flooring', 100000.00, 750000.00),
(2, 'Synthetic court flooring', 100000.00, 750000.00),
(3, 'Synthetic court flooring', 100000.00, 750000.00),
(4, 'Synthetic court flooring', 100000.00, 750000.00),
(5, 'Synthetic court flooring', 100000.00, 750000.00),
(6, 'Synthetic court flooring', 100000.00, 750000.00),
(7, 'Synthetic court flooring', 100000.00, 750000.00),
(8, 'Synthetic court flooring', 100000.00, 750000.00),
(9, 'Synthetic court flooring', 100000.00, 750000.00),
(10, 'Synthetic court flooring', 100000.00, 750000.00),
(11, 'Rubber flooring', 140000.00, 600000.00),
(12, 'Rubber flooring', 140000.00, 600000.00),
(13, 'Rubber flooring', 140000.00, 600000.00),
(14, 'Rubber flooring', 140000.00, 600000.00),
(15, 'Rubber flooring', 140000.00, 600000.00),
(16, 'Rubber flooring', 140000.00, 600000.00),
(17, 'Rubber flooring', 140000.00, 600000.00),
(18, 'Rubber flooring', 140000.00, 600000.00),
(19, 'Rubber flooring', 140000.00, 600000.00),
(20, 'Rubber flooring', 140000.00, 600000.00);
;

INSERT INTO maintain (manager_id, court_id)
VALUES 
('MNG00001', 1),
('MNG00001', 2),
('MNG00001', 3),
('MNG00001', 4),
('MNG00001', 5),
('MNG00002', 6),
('MNG00002', 7),
('MNG00002', 8),
('MNG00002', 9),
('MNG00002', 10),
('MNG00003', 11),
('MNG00003', 12),
('MNG00003', 13),
('MNG00003', 14),
('MNG00003', 15),
('MNG00004', 16),
('MNG00004', 17),
('MNG00004', 18),
('MNG00004', 19),
('MNG00004', 20);
;

INSERT INTO info_main (manager_id, court_id, maintenance, maintain_date, cost)
VALUES 
('MNG00004', 18, 'Ensure proper traction', '2024-04-12', 1000000.00),
('MNG00001', 2, 'Repair surface damage', '2024-04-20', 2500000.00),
('MNG00003', 14, 'Damage inspection', '2024-04-04', 200000.00),
('MNG00003', 11, 'Lighting maintenance', '2024-04-20', 500000.00),
('MNG00002', 9, 'Check net tension', '2024-04-01', 750000.00),
('MNG00002', 8, 'Lighting maintenance', '2024-04-07', 500000.00);

INSERT INTO court_rental (court_id, court_date, start_time, end_time, cus_phone, booking_method, receptionist_id)
VALUES 
(1, '2024-04-16', '9:00:00', '12:00:00', '0979406038', 'Online', 'RCT00002'),
(12, '2024-04-20', '14:00:00', '16:00:00', '0783683996', 'At the counter', 'RCT00004'),
(4, '2024-04-01', '7:00:00', '10:00:00', '0774081275', 'Online', 'RCT00001'),
(15, '2024-04-04', '8:00:00', '10:00:00', '0377569248', 'At the counter', 'RCT00002'),
(11, '2024-04-16', '18:00:00', '20:00:00', '0896098351', 'At the counter', 'RCT00004'),
(16, '2024-04-19', '15:00:00', '16:00:00', '0321832679', 'Online', 'RCT00003'),
(2, '2024-04-07', '8:00:00', '10:00:00', '0328306721', 'At the counter', 'RCT00001'),
(18, '2024-04-22', '7:00:00', '8:00:00', '0387968253', 'At the counter', 'RCT00002'),
(1, '2024-04-02', '19:00:00', '21:00:00', '0977931502', 'At the counter', 'RCT00001'),
(7, '2024-04-14', '14:00:00', '16:00:00', '0851036489', 'Online', 'RCT00004');

INSERT INTO membership (phone, total_hours_package, price, email, registered_date)
VALUES
('0783683996', 40, 500000.00, 'quynh.do@gmail.com', '2024-04-01'),
('0896098351', 40, 500000.00, 'truong.khieu@gmail.com', '2024-04-03'),
('0321832679', 150, 1500000.00, 'son.hoang@gmail.com', '2024-04-15'),
('0328306721', 150, 1500000.00, 'huong.dam@gmail.com', '2024-04-01'),
('0977931502', 40, 500000.00, 'san.lieu@gmail.com', '2024-04-12');

INSERT INTO sessions (session_date, start_time, end_time)
VALUES
('2024-04-10', '7:00:00', '9:00:00'),
('2024-04-14', '7:00:00', '9:00:00'),
('2024-04-17', '7:00:00', '9:00:00'),
('2024-04-21', '7:00:00', '9:00:00'),
('2024-04-24', '7:00:00', '9:00:00'),
('2024-05-05', '7:00:00', '9:00:00'),
('2024-05-08', '7:00:00', '9:00:00'),
('2024-05-12', '7:00:00', '9:00:00'),
('2024-04-10', '9:00:00', '11:00:00'),
('2024-04-14', '9:00:00', '11:00:00'),
('2024-04-17', '9:00:00', '11:00:00'),
('2024-04-21', '9:00:00', '11:00:00'),
('2024-04-24', '9:00:00', '11:00:00'),
('2024-05-05', '9:00:00', '11:00:00'),
('2024-05-08', '9:00:00', '11:00:00'),
('2024-05-12', '9:00:00', '11:00:00'),
('2024-04-15', '16:00:00', '18:00:00'),
('2024-04-19', '16:00:00', '18:00:00'),
('2024-04-22', '16:00:00', '18:00:00'),
('2024-04-26', '16:00:00', '18:00:00'),
('2024-05-03', '16:00:00', '18:00:00'),
('2024-05-06', '16:00:00', '18:00:00'),
('2024-05-10', '16:00:00', '18:00:00'),
('2024-05-13', '16:00:00', '18:00:00'),
('2024-05-17', '16:00:00', '18:00:00');

INSERT INTO training_program (program_name, start_date, end_date, time_table, availability, admission_fee, maximum_admission, coach_id)
VALUES 
('Beginner', '2024-04-10', '2024-05-12', 'Wed & Sun at 7-9am', 'Available', 1000000.00, 8, 'COA00001'),
('Intermediate', '2024-04-10', '2024-05-12', 'Wed & Sun at 9-11am', 'Available', 1500000.00, 6, 'COA00002'),
('Advanced', '2024-04-15', '2024-05-17', 'Mon & Fri at 4-6pm', 'Available', 2500000.00, 4, 'COA00003');

INSERT INTO participate (phone, program_name, start_date, end_date, method)
VALUES 
('0979406038', 'Beginner', '2024-04-10', '2024-05-12', 'Online'),
('0783683996', 'Advanced', '2024-04-15', '2024-05-17', 'At the counter'),
('0774081275', 'Beginner', '2024-04-10', '2024-05-12', 'Online'),
('0783683996', 'Intermediate', '2024-04-10', '2024-05-12', 'At the counter'),
('0896098351', 'Intermediate', '2024-04-10', '2024-05-12', 'At the counter'),
('0851036489', 'Beginner', '2024-04-10', '2024-05-12', 'At the counter'),
('0977931502', 'Beginner', '2024-04-10', '2024-05-12', 'At the counter');

INSERT INTO take (court_id, session_date, start_time, end_time, program_name, start_date, end_date)
VALUES 
(19, '2024-04-10', '7:00:00', '9:00:00', 'Beginner', '2024-04-10', '2024-05-12'),
(19, '2024-04-14', '7:00:00', '9:00:00', 'Beginner', '2024-04-10', '2024-05-12'),
(19, '2024-04-17', '7:00:00', '9:00:00', 'Beginner', '2024-04-10', '2024-05-12'),
(19, '2024-04-21', '7:00:00', '9:00:00', 'Beginner', '2024-04-10', '2024-05-12'),
(19, '2024-04-24', '7:00:00', '9:00:00', 'Beginner', '2024-04-10', '2024-05-12'),
(19, '2024-05-05', '7:00:00', '9:00:00', 'Beginner', '2024-04-10', '2024-05-12'),
(19, '2024-05-08', '7:00:00', '9:00:00', 'Beginner', '2024-04-10', '2024-05-12'),
(19, '2024-05-12', '7:00:00', '9:00:00', 'Beginner', '2024-04-10', '2024-05-12'),
(19, '2024-04-10', '9:00:00', '11:00:00', 'Intermediate', '2024-04-10', '2024-05-12'),
(19, '2024-04-14', '9:00:00', '11:00:00', 'Intermediate', '2024-04-10', '2024-05-12'),
(19, '2024-04-17', '9:00:00', '11:00:00', 'Intermediate', '2024-04-10', '2024-05-12'),
(19, '2024-04-21', '9:00:00', '11:00:00', 'Intermediate', '2024-04-10', '2024-05-12'),
(19, '2024-04-24', '9:00:00', '11:00:00', 'Intermediate', '2024-04-10', '2024-05-12'),
(19, '2024-05-05', '9:00:00', '11:00:00', 'Intermediate', '2024-04-10', '2024-05-12'),
(19, '2024-05-08', '9:00:00', '11:00:00', 'Intermediate', '2024-04-10', '2024-05-12'),
(19, '2024-05-12', '9:00:00', '11:00:00', 'Intermediate', '2024-04-10', '2024-05-12'),
(20, '2024-04-15', '16:00:00', '18:00:00', 'Advanced', '2024-04-15', '2024-05-17'),
(20, '2024-04-19', '16:00:00', '18:00:00', 'Advanced', '2024-04-15', '2024-05-17'),
(20, '2024-04-22', '16:00:00', '18:00:00', 'Advanced', '2024-04-15', '2024-05-17'),
(20, '2024-04-26', '16:00:00', '18:00:00', 'Advanced', '2024-04-15', '2024-05-17'),
(20, '2024-05-03', '16:00:00', '18:00:00', 'Advanced', '2024-04-15', '2024-05-17'),
(20, '2024-05-06', '16:00:00', '18:00:00', 'Advanced', '2024-04-15', '2024-05-17'),
(20, '2024-05-10', '16:00:00', '18:00:00', 'Advanced', '2024-04-15', '2024-05-17'),
(20, '2024-05-13', '16:00:00', '18:00:00', 'Advanced', '2024-04-15', '2024-05-17'),
(20, '2024-05-17', '16:00:00', '18:00:00', 'Advanced', '2024-04-15', '2024-05-17');